{"Root": {"Computer Science": 0, "Physics": 0, "Mathematics": 0, "Computation and Language": 0, "Quantum Physics": 0, "Condensed Matter": 0, "Statistics": 0, "Nonlinear Sciences": 0, "Quantitative Biology": 0}, "Computer Science": {"Performance": 0.007944783190153458, "Computer Vision and Pattern Recognition": 0.03202846975088969, "Robotics": 0.010642156084955914, "Symbolic Computation": 0.004510732824081421, "Human-Computer Interaction": 0.011526169050479408, "Networking and Internet Architecture": 0.03550785411519369, "CS - Machine Learning": 0.09242468889543715, "Information Retrieval": 0.023290341591676682, "Mathematical Software": 0.0055420812838588305, "Computational Engineering, Finance, and Science": 0.010596822086723941, "Neural and Evolutionary Computing": 0.023494344583720565, "Systems and Control": 0.02572704399664529, "Digital Libraries": 0.010030147108824265, "Discrete Mathematics": 0.04695468866876715, "Computational Complexity": 0.03553052111430968, "Artificial Intelligence": 0.057698846249745, "Programming Languages": 0.016014234875444844, "Logic in Computer Science": 0.04055126141850081, "Computer Science and Game Theory": 0.019890291724278628, "Computers and Society": 0.01806559829544167, "Social and Information Networks": 0.04608200920280165, "Data Structures and Algorithms": 0.05390212389781718, "Computational Geometry": 0.012421515515560897, "Distributed, Parallel, and Cluster Computing": 0.025976380986921146, "Databases": 0.014642881428927626, "CS - Computation and Language": 0.032629145227463345, "CS - Information Theory": 0.1983135752657706, "Formal Languages and Automata Theory": 0.010585488587165947, "Cryptography and Security": 0.03140512727520004, "CS - Numerical Analysis": 0.012138178026611058, "Multimedia": 0.008205453679987307, "Multiagent Systems": 0.011118163066391643, "Software Engineering": 0.014608880930253646}, "Physics": {"Physics and Society": 0.8961038961038961, "Data Analysis, Statistics and Probability": 0.1038961038961039}, "Mathematics": {"Math - Statistics Theory": 0.031664238245850955, "Probability": 0.04296527950531291, "Logic": 0.02423682433633036, "Math - Numerical Analysis": 0.03418742670315221, "Optimization and Control": 0.10988308042218985, "Math - Information Theory": 0.621841572195174, "Number Theory": 0.013895305447954797, "Combinatorics": 0.12132627314403496}, "Condensed Matter": {"Statistical Mechanics": 0.6028243601059136, "Disordered Systems and Neural Networks": 0.3971756398940865}, "Statistics": {"Methodology": 0.0725703777054746, "Statistics Theory": 0.12604328759371905, "Statistics - Machine Learning": 0.7115575045975385, "Applications": 0.0898288301032678}, "Nonlinear Sciences": {"Adaptation and Self-Organizing Systems": 1.0}, "Quantitative Biology": {"Quantitative Methods": 0.47984886649874053, "Neurons and Cognition": 0.5201511335012594}}