{"Root": {"Children\u2019s Books": 0.20948261036366764, "Poetry": 0.0, "Fiction": 0.3471577304176423, "Nonfiction": 0.36259607625246393, "Teen & Young Adult": 0.0397401807093437, "Classics": 0.04102340225688243, "Humor": 0.0}, "Children\u2019s Books": {"Children\u2019s Middle Grade Books": 0.9256099386319413, "Step Into Reading": 0.07439006136805867}, "Fiction": {"Fantasy": 0.07194385964912281, "Spiritual Fiction": 0.014175438596491228, "Literary Fiction": 0.1655859649122807, "Gothic & Horror": 0.013277192982456141, "Mystery & Suspense": 0.19879298245614035, "Romance": 0.14430877192982455, "Science Fiction": 0.042694736842105264, "Women\u2019s Fiction": 0.07671578947368421, "Historical Fiction": 0.0888140350877193, "Military Fiction": 0.016673684210526316, "Western Fiction": 0.02992280701754386, "Paranormal Fiction": 0.03767017543859649, "Graphic Novels & Manga": 0.09942456140350878}, "Nonfiction": {"Politics": 0.054584402189723116, "Pets": 0.005527199640335335, "Cooking": 0.06746357072964326, "Parenting": 0.02723930923227462, "Psychology": 0.0408854097797054, "Sports": 0.027662444132970147, "Travel": 0.017612990241451357, "Games": 0.008409806151323621, "History": 0.09935736386956869, "Popular Science": 0.05186047126649566, "Health & Fitness": 0.07264697326316348, "Religion & Philosophy": 0.1513236188612382, "Self-Improvement": 0.07952291539946581, "Reference": 0.045354772168301916, "Crafts, Home & Garden": 0.028535159865654674, "Arts & Entertainment": 0.07661386295718405, "Business": 0.018617935630603235, "Biography & Memoir": 0.12678179462089761}, "Teen & Young Adult": {"Teen & Young Adult Mystery & Suspense": 0.05869324473975635, "Teen & Young Adult Historical Fiction": 0.045265780730897, "Teen & Young Adult Nonfiction": 0.031561461794019925, "Teen & Young Adult Fantasy Fiction": 0.08734772978959024, "Teen & Young Adult Fiction": 0.38026024363233657, "Teen & Young Adult Action & Adventure": 0.06187707641196012, "Teen & Young Adult Social Issues": 0.19947397563676628, "Teen & Young Adult Science Fiction": 0.03557585825027685, "Teen & Young Adult Romance": 0.09994462901439642}, "Classics": {"Nonfiction Classics": 0.11283323000619963, "Fiction Classics": 0.41196528208307504, "Literary Criticism": 0.19001859888406697, "Literary Collections": 0.2851828890266584}, "Children\u2019s Middle Grade Books": {"Children\u2019s Middle Grade Fantasy & Magical Books": 0.07142857142857142, "Children\u2019s Middle Grade Sports Books": 0.0797827903091061, "Children\u2019s Middle Grade Mystery & Detective Books": 0.1946532999164578, "Children\u2019s Middle Grade Historical Books": 0.21386800334168754, "Children\u2019s Middle Grade Action & Adventure Books": 0.4402673350041771}, "Fantasy": {"Contemporary Fantasy": 0.18824163969795038, "Urban Fantasy": 0.21790722761596548, "Epic Fantasy": 0.47518878101402373, "Fairy Tales": 0.1186623516720604}, "Mystery & Suspense": {"Cozy Mysteries": 0.12154162136039628, "Crime Mysteries": 0.25407756433490397, "Espionage Mysteries": 0.04059441826748822, "Noir Mysteries": 0.05557569167572792, "Suspense & Thriller": 0.5282107043614837}, "Romance": {"Western Romance": 0.02539522367978473, "Contemporary Romance": 0.4039690548267743, "Historical Romance": 0.16750756811301715, "New Adult Romance": 0.02203161789438278, "Suspense Romance": 0.158594012781702, "Regency Romance": 0.07046754120417087, "Paranormal Romance": 0.14648503195425497, "Erotica": 0.005549949545913219}, "Science Fiction": {"Space Opera": 0.6940700808625337, "Military Science Fiction": 0.2358490566037736, "Cyber Punk": 0.07008086253369272}, "Politics": {"World Politics": 0.19072164948453607, "Domestic Politics": 0.8092783505154639}, "Cooking": {"Wine & Beverage": 0.06274007682458387, "Regional & Ethnic Cooking": 0.2872385830132309, "Food Memoir & Travel": 0.0973111395646607, "Cooking Methods": 0.44985061886470334, "Baking & Desserts": 0.10285958173282117}, "Travel": {"Travel: Central & South America": 0.015133876600698487, "Travel: Caribbean & Mexico": 0.012805587892898719, "Travel: USA & Canada": 0.1850989522700815, "Travel: Asia": 0.09545983701979045, "Travel: Africa": 0.012805587892898719, "Specialty Travel": 0.11641443538998836, "Travel: Middle East": 0.01629802095459837, "Travel: Europe": 0.3084982537834691, "Travel: Australia & Oceania": 0.004656577415599534, "Travel Writing": 0.23282887077997672}, "History": {"U.S. History": 0.35654915448552593, "Military History": 0.23674405273717397, "World History": 0.4067067927773001}, "Popular Science": {"Science": 0.7755303404045387, "Technology": 0.22446965959546128}, "Health & Fitness": {"Exercise": 0.17687348912167608, "Health & Reference": 0.06124093473005641, "Alternative Therapies": 0.34568896051571313, "Diet & Nutrition": 0.4161966156325544}, "Religion & Philosophy": {"Philosophy": 0.44712486724321043, "Religion": 0.5522682445759369, "Bibles": 0.0006068881808526779}, "Self-Improvement": {"Beauty": 0.016051364365971106, "Personal Finance": 0.06313536650615302, "Personal Growth": 0.7257891920813269, "Inspiration & Motivation": 0.19502407704654895}, "Reference": {"Test Preparation": 0.5069444444444444, "Language": 0.4930555555555556}, "Crafts, Home & Garden": {"Home & Garden": 0.30054151624548736, "Crafts & Hobbies": 0.6642599277978339, "Weddings": 0.0351985559566787}, "Arts & Entertainment": {"Performing Arts": 0.1574827802128992, "Writing": 0.036944270507201005, "Design": 0.08015028177833437, "Film": 0.08891671884783969, "Music": 0.11302442078897934, "Photography": 0.13869755792110205, "Art": 0.38478396994364433}, "Business": {"Management": 0.6519453207150369, "Marketing": 0.09884332281808622, "Economics": 0.24921135646687698}, "Biography & Memoir": {"Arts & Entertainment Biographies & Memoirs": 0.536158452326117, "Literary Figure Biographies & Memoirs": 0.22339935513588208, "Historical Figure Biographies & Memoirs": 0.13496084753569784, "Political Figure Biographies & Memoirs": 0.10548134500230309}, "U.S. History": {"Native American History": 0.04112554112554113, "20th Century U.S. History": 0.42857142857142855, "21st Century U.S. History": 0.10714285714285714, "19th Century U.S. History": 0.13095238095238096, "Colonial/Revolutionary Period": 0.16774891774891776, "Civil War Period": 0.12445887445887446}, "Military History": {"World War II Military History": 0.5605214152700186, "World War I Military History": 0.040968342644320296, "1950 \u2013 Present Military History": 0.3985102420856611}, "World History": {"African World History": 0.03619909502262444, "Ancient World History": 0.07315233785822021, "Middle Eastern World History": 0.10256410256410256, "North American World History": 0.05279034690799397, "European World History": 0.5369532428355958, "Latin American World History": 0.05203619909502263, "Asian World History": 0.14630467571644043}}